,key,number of ones,number of zeros,odds ratio
4,cube2_cluster0,2,15,1.7883512261686436
0,cube0_cluster0,2,16,1.6765784159517545
3,cube1_cluster1,20920,278397,1.0092016052491533
6,cube3_cluster0,41065,550407,1.0009603380667222
7,cube3_cluster1,31728,425943,0.998830690856191
2,cube1_cluster0,51874,697962,0.995104980351454
1,cube0_cluster1,0,6,0.0
5,cube2_cluster1,0,1,0.0
