,key,number of ones,number of zeros,odds ratio
46,cube9_cluster0,1,10,1.3412999725236983
17,cube2_cluster7,2671,34965,1.0248552384654155
34,cube6_cluster2,2670,34958,1.024674983120873
8,cube1_cluster8,6925,90900,1.022368560703155
24,cube5_cluster2,8582,113024,1.0190191765599002
22,cube5_cluster0,19757,261052,1.0162260015947397
10,cube2_cluster0,21070,278725,1.0150322298016976
0,cube1_cluster0,21070,278725,1.0150322298016976
33,cube6_cluster1,21403,283378,1.0140934023860275
27,cube5_cluster5,3851,50952,1.0139507446042602
4,cube1_cluster4,3850,50947,1.0137847202394883
15,cube2_cluster5,3850,50947,1.0137847202394883
32,cube6_cluster0,1376,18226,1.0126942226250935
19,cube2_cluster9,7102,94135,1.0122392722808988
39,cube6_cluster7,3917,51984,1.0108155935525782
3,cube1_cluster3,3257,43346,1.0079349751086688
25,cube5_cluster3,3420,45768,1.0023086012573792
41,cube6_cluster9,12102,162015,1.0019898184690426
28,cube5_cluster6,7400,99459,0.9979068785380871
12,cube2_cluster2,13027,175920,0.9929246539081392
23,cube5_cluster1,13010,175701,0.9928625247521821
1,cube1_cluster1,12706,171770,0.9918150559612733
35,cube6_cluster3,13098,177259,0.9906921239826664
38,cube6_cluster6,7943,107524,0.990585813948781
13,cube2_cluster3,7943,107524,0.990585813948781
14,cube2_cluster4,7326,99549,0.9867539770323253
7,cube1_cluster7,4338,58955,0.9867509869533836
6,cube1_cluster6,7327,99609,0.9862821370235865
9,cube1_cluster9,5386,73476,0.9828937728461484
36,cube6_cluster4,4987,68282,0.9792672079318321
16,cube2_cluster6,4987,68282,0.9792672079318321
2,cube1_cluster2,2954,40459,0.9790995161102978
5,cube1_cluster5,4974,68122,0.9790048621711658
29,cube5_cluster7,4975,68158,0.978678725361457
37,cube6_cluster5,5295,72675,0.9768303994459231
26,cube5_cluster4,5771,79239,0.9764042327619582
11,cube2_cluster1,4814,66249,0.9742320544285445
31,cube5_cluster9,6020,82923,0.9731947726415998
30,cube5_cluster8,2,39,0.6878433944057881
40,cube6_cluster8,2,39,0.6878433944057881
18,cube2_cluster8,2,39,0.6878433944057881
20,cube3_cluster0,0,9,0.0
42,cube7_cluster0,0,9,0.0
43,cube7_cluster1,0,1,0.0
44,cube8_cluster0,0,9,0.0
45,cube8_cluster1,0,1,0.0
21,cube3_cluster1,0,1,0.0
